{"is_source_file": false, "format": "", "description": "", "external_files": [], "external_methods": [], "published": [], "classes": [], "methods": [], "calls": [], "search-terms": [], "state": 2, "file_id": 6, "knowledge_revision": 11, "git_revision": "6b8af442d25aa55684a4218716247cb36373ecb5", "hash": "0c9f36dfd1a6dee9fa952c06ab7d9563", "format-version": 4, "code-base-name": "mcp_database", "filename": "mcp_database/db_visualizer/package.json", "revision_history": [{"11": "6b8af442d25aa55684a4218716247cb36373ecb5"}]}