{"is_source_file": true, "format": "bash", "description": "A shell script that detects the running database system (SQLite, PostgreSQL, MySQL, MongoDB) and performs backups accordingly. It includes checks for database presence, authentication, and backup commands tailored for each database type.", "external_files": ["/usr/lib/postgresql/", "/var/run/mysqld/mysqld.sock"], "external_methods": ["ls", "cp", "sudo -u postgres pg_isready", "sudo mysqladmin ping", "mysqladmin ping", "mysql", "mysqldump", "mongosh", "mongodump"], "published": [], "classes": [], "methods": [], "calls": ["ls", "cp", "sudo -u postgres pg_isready", "mysqladmin ping", "mysql -h localhost -P ${DB_PORT} -u ${DB_USER} -p${DB_PASSWORD} -e \"SELECT 1\"", "mysqldump -h localhost -P ${DB_PORT} -u ${DB_USER} -p${DB_PASSWORD} --databases ${DB_NAME} --add-drop-database --routines --triggers --single-transaction", "sudo mysql --socket=/var/run/mysqld/mysqld.sock -u root -p${DB_PASSWORD} -e \"SELECT 1\"", "sudo mysqldump --socket=/var/run/mysqld/mysqld.sock -u root -p${DB_PASSWORD} --databases ${DB_NAME} --add-drop-database --routines --triggers --single-transaction", "mongosh --port ${DB_PORT} --eval \"db.adminCommand('ping')\"", "mongodump --port ${DB_PORT} --db ${DB_NAME} --archive=database_backup.archive --quiet"], "search-terms": ["backup_db.sh", "database backup", "SQLite", "PostgreSQL", "MySQL", "MongoDB", "pg_isready", "mysqldump", "mongodump", "database_backup"], "state": 2, "file_id": 3, "knowledge_revision": 14, "git_revision": "6b8af442d25aa55684a4218716247cb36373ecb5", "hash": "7af9aa35fa4940f934d83f6e2621b732", "format-version": 4, "code-base-name": "mcp_database", "filename": "mcp_database/backup_db.sh", "revision_history": [{"14": "6b8af442d25aa55684a4218716247cb36373ecb5"}]}