{"is_source_file": false, "format": "", "description": "", "external_files": [], "external_methods": [], "published": [], "classes": [], "methods": [], "calls": [], "search-terms": [], "state": 2, "file_id": 4, "knowledge_revision": 10, "git_revision": "6b8af442d25aa55684a4218716247cb36373ecb5", "hash": "ee63333a4841bf025439c755a74c9881", "format-version": 4, "code-base-name": "mcp_database", "filename": "mcp_database/db_visualizer/public/index.html", "revision_history": [{"10": "6b8af442d25aa55684a4218716247cb36373ecb5"}]}