{"is_source_file": true, "format": "bash", "description": "This script automates the process of restoring databases from various backup formats (SQLite, PostgreSQL, MySQL, MongoDB). It detects the backup type, checks the database server status, and performs the appropriate restoration steps.", "external_files": ["database_backup.db", "database_backup.sql", "database_backup.archive"], "external_methods": ["ls", "cp", "sudo -u postgres pg_isready", "psql", "mysqladmin", "mysql", "mongosh", "mongorestore"], "published": [], "classes": [], "methods": [], "calls": ["ls", "cp", "sudo -u postgres pg_isready", "psql", "mysqladmin", "mysql", "mongosh", "mongorestore"], "search-terms": ["restore_db.sh", "database_backup.sql", "database_backup.db", "database_backup.archive", "SQLite restore", "PostgreSQL restore", "MySQL restore", "MongoDB restore", "database restore script", "database recovery"], "state": 2, "file_id": 2, "knowledge_revision": 12, "git_revision": "6b8af442d25aa55684a4218716247cb36373ecb5", "hash": "67505395c0df4c9c001ab8f47571f3fb", "format-version": 4, "code-base-name": "mcp_database", "filename": "mcp_database/restore_db.sh", "revision_history": [{"12": "6b8af442d25aa55684a4218716247cb36373ecb5"}]}