{"is_source_file": true, "format": "bash", "description": "A shell script to initialize, setup, and manage a PostgreSQL server instance, including database creation, user permissions, and environment setup.", "external_files": ["/usr/lib/postgresql/", "/var/lib/postgresql/data/", "db_connection.txt", "db_visualizer/postgres.env"], "external_methods": ["ls", "sudo", "pg_isready", "pgrep", "psql", "initdb", "createdb", "cat"], "published": ["db_connection.txt", "db_visualizer/postgres.env"], "classes": [], "methods": [], "calls": ["/usr/lib/postgresql/${PG_VERSION}/bin/pg_isready", "/usr/lib/postgresql/${PG_VERSION}/bin/psql", "/usr/lib/postgresql/${PG_VERSION}/bin/initdb", "/usr/lib/postgresql/${PG_VERSION}/bin/createdb", "/usr/lib/postgresql/${PG_VERSION}/bin/postgres"], "search-terms": ["PostgreSQL", "startup script", "database initialization", "permission setup", "bash script", "pg_isready", "psql", "initdb", "createdb"], "state": 2, "file_id": 7, "knowledge_revision": 13, "git_revision": "6b8af442d25aa55684a4218716247cb36373ecb5", "hash": "fa2aa67ea0a7c72f7c0958282f15a864", "format-version": 4, "code-base-name": "mcp_database", "filename": "mcp_database/startup.sh", "revision_history": [{"13": "6b8af442d25aa55684a4218716247cb36373ecb5"}]}